name,phone,city,website,email,industry,source,google_reviews,notes
Szabo Gabor 5,,Budapest,,,vízszerelő,joszaki.hu,,profil: https://joszaki.hu/szakember/szabo-gabor-5#city=budapest&profession=vizszerelo
Eber Zsolt,,Budapest,,,vízszerelő,joszaki.hu,,profil: https://joszaki.hu/szakember/eber-zsolt#city=budapest&profession=vizszerelo
Hidvegi Adam,,Budapest,,,vízszerelő,joszaki.hu,,profil: https://joszaki.hu/szakember/hidvegi-adam#city=budapest&profession=vizszerelo
Hohner Krisztian,,Budapest,,,vízszerelő,joszaki.hu,,profil: https://joszaki.hu/szakember/hohner-krisztian#city=budapest&profession=vizszerelo
Newton Kft,,Budapest,,,vízszerelő,joszaki.hu,,profil: https://joszaki.hu/szakember/newton-kft#city=budapest&profession=vizszerelo
Vasvari Zoltan,,Budapest,,,vízszerelő,joszaki.hu,,profil: https://joszaki.hu/szakember/vasvari-zoltan#city=budapest&profession=vizszerelo
Nemenyi Gyorgy,,Budapest,,,vízszerelő,joszaki.hu,,profil: https://joszaki.hu/szakember/nemenyi-gyorgy#city=budapest&profession=vizszerelo
Farkas Geza Gergo,,Budapest,,,vízszerelő,joszaki.hu,,profil: https://joszaki.hu/szakember/farkas-geza-gergo#city=budapest&profession=vizszerelo
Molnar Tibor,,Budapest,,,vízszerelő,joszaki.hu,,profil: https://joszaki.hu/szakember/molnar-tibor#city=budapest&profession=vizszerelo
Juhasz Peter 2,,Budapest,,,vízszerelő,joszaki.hu,,profil: https://joszaki.hu/szakember/juhasz-peter-2#city=budapest&profession=vizszerelo
Porkolab David,,Budapest,,,vízszerelő,joszaki.hu,,profil: https://joszaki.hu/szakember/porkolab-david#city=budapest&profession=vizszerelo
Kovendi Fulop,,Budapest,,,vízszerelő,joszaki.hu,,profil: https://joszaki.hu/szakember/kovendi-fulop#city=budapest&profession=vizszerelo
Golya Robert 1,,Budapest,,,vízszerelő,joszaki.hu,,profil: https://joszaki.hu/szakember/golya-robert-1#city=budapest&profession=vizszerelo
Barta Janos,,Budapest,,,vízszerelő,joszaki.hu,,profil: https://joszaki.hu/szakember/barta-janos#city=budapest&profession=vizszerelo
Szabo Zoltan,,Budapest,,,vízszerelő,joszaki.hu,,profil: https://joszaki.hu/szakember/szabo-zoltan#city=budapest&profession=vizszerelo
Vaskor Orkeny,,Budapest,,,vízszerelő,joszaki.hu,,profil: https://joszaki.hu/szakember/vaskor-orkeny#city=budapest&profession=vizszerelo
Kovacs Attila,,Budapest,,,vízszerelő,joszaki.hu,,profil: https://joszaki.hu/szakember/kovacs-attila#city=budapest&profession=vizszerelo
Racz Istvan E V 1,+36 1 443 3777 / 43752,Budapest,,,vízszerelő,joszaki.hu,16,joszaki proxy | profil: https://joszaki.hu/szakember/racz-istvan-e-v-1#city=budapest&profession=vizszerelo
Szoldatics Kft 1,,Budapest,,,vízszerelő,joszaki.hu,,profil: https://joszaki.hu/szakember/szoldatics-kft-1#city=budapest&profession=vizszerelo
Stevula David,,Budapest,,,vízszerelő,joszaki.hu,,profil: https://joszaki.hu/szakember/stevula-david#city=budapest&profession=vizszerelo
Nemeth Szilard,,Budapest,,,vízszerelő,joszaki.hu,,profil: https://joszaki.hu/szakember/nemeth-szilard#city=budapest&profession=vizszerelo
Sturcz Mihaly Misiba,,Budapest,,,vízszerelő,joszaki.hu,,profil: https://joszaki.hu/szakember/sturcz-mihaly-misiba#city=budapest&profession=vizszerelo
Aquafix Pro Kft Katona Jozsef,,Budapest,,,vízszerelő,joszaki.hu,,profil: https://joszaki.hu/szakember/aquafix-pro-kft-katona-jozsef#city=budapest&profession=vizszerelo
Gor Viktor,,Budapest,,,vízszerelő,joszaki.hu,,profil: https://joszaki.hu/szakember/gor-viktor#city=budapest&profession=vizszerelo
Mohacsi Daniel E V,,Budapest,,,vízszerelő,joszaki.hu,,profil: https://joszaki.hu/szakember/mohacsi-daniel-e-v#city=budapest&profession=vizszerelo
Juhasz Zoltan,,Budapest,,,vízszerelő,joszaki.hu,,profil: https://joszaki.hu/szakember/juhasz-zoltan#city=budapest&profession=vizszerelo
Aszodi Zsolt,,Budapest,,,vízszerelő,joszaki.hu,,profil: https://joszaki.hu/szakember/aszodi-zsolt#city=budapest&profession=vizszerelo
Peto Marton,,Budapest,,,vízszerelő,joszaki.hu,,profil: https://joszaki.hu/szakember/peto-marton#city=budapest&profession=vizszerelo
Veghseo Bau Kft,,Budapest,,,vízszerelő,joszaki.hu,,profil: https://joszaki.hu/szakember/veghseo-bau-kft#city=budapest&profession=vizszerelo
Lakatos Viktor 1,,Budapest,,,vízszerelő,joszaki.hu,,profil: https://joszaki.hu/szakember/lakatos-viktor-1#city=budapest&profession=vizszerelo
Bdpst General Kft,,Budapest,,,vízszerelő,joszaki.hu,,profil: https://joszaki.hu/szakember/bdpst-general-kft#city=budapest&profession=vizszerelo
Vincze Peter Ev,,Budapest,,,vízszerelő,joszaki.hu,,profil: https://joszaki.hu/szakember/vincze-peter-ev#city=budapest&profession=vizszerelo
Vincze Attila 2,,Budapest,,,vízszerelő,joszaki.hu,,profil: https://joszaki.hu/szakember/vincze-attila-2#city=budapest&profession=vizszerelo
Varadi Kiss Laszlo Csaba,,Budapest,,,vízszerelő,joszaki.hu,,profil: https://joszaki.hu/szakember/varadi-kiss-laszlo-csaba#city=budapest&profession=vizszerelo
Allwater Help Kft,,Budapest,,,vízszerelő,joszaki.hu,,profil: https://joszaki.hu/szakember/allwater-help-kft#city=budapest&profession=vizszerelo
Zsigo Zsolt,,Budapest,,,vízszerelő,joszaki.hu,,profil: https://joszaki.hu/szakember/zsigo-zsolt#city=budapest&profession=vizszerelo
Sutyor Adam,,Budapest,,,vízszerelő,joszaki.hu,,profil: https://joszaki.hu/szakember/sutyor-adam#city=budapest&profession=vizszerelo
Nagy Istvan Csaba,,Budapest,,,vízszerelő,joszaki.hu,,profil: https://joszaki.hu/szakember/nagy-istvan-csaba#city=budapest&profession=vizszerelo
Vass Zoltan,,Budapest,,,vízszerelő,joszaki.hu,,profil: https://joszaki.hu/szakember/vass-zoltan#city=budapest&profession=vizszerelo
Zsozoma Kft,,Budapest,,,vízszerelő,joszaki.hu,,profil: https://joszaki.hu/szakember/zsozoma-kft#city=budapest&profession=vizszerelo
Gelesz Janos J Apo,,Budapest,,,vízszerelő,joszaki.hu,,profil: https://joszaki.hu/szakember/gelesz-janos-j-apo#city=budapest&profession=vizszerelo
Baricz Csaba,,Budapest,,,vízszerelő,joszaki.hu,,profil: https://joszaki.hu/szakember/baricz-csaba#city=budapest&profession=vizszerelo
Szonyi Peter,,Budapest,,,vízszerelő,joszaki.hu,,profil: https://joszaki.hu/szakember/szonyi-peter#city=budapest&profession=vizszerelo
Molnar Csaba,,Budapest,,,vízszerelő,joszaki.hu,,profil: https://joszaki.hu/szakember/molnar-csaba#city=budapest&profession=vizszerelo
Kucsera Bence,,Budapest,,,vízszerelő,joszaki.hu,,profil: https://joszaki.hu/szakember/kucsera-bence#city=budapest&profession=vizszerelo
Algacs Robert,,Budapest,,,vízszerelő,joszaki.hu,,profil: https://joszaki.hu/szakember/algacs-robert#city=budapest&profession=vizszerelo
Viz Szer Endre Hoffbauer Endre,,Budapest,,,vízszerelő,joszaki.hu,,profil: https://joszaki.hu/szakember/viz-szer-endre-hoffbauer-endre#city=budapest&profession=vizszerelo
Vinissom Kft,,Budapest,,,vízszerelő,joszaki.hu,,profil: https://joszaki.hu/szakember/vinissom-kft#city=budapest&profession=vizszerelo
Baranyi Peter,,Budapest,,,vízszerelő,joszaki.hu,,profil: https://joszaki.hu/szakember/baranyi-peter#city=budapest&profession=vizszerelo
Szanto Benjamin,,Budapest,,,vízszerelő,joszaki.hu,,profil: https://joszaki.hu/szakember/szanto-benjamin#city=budapest&profession=vizszerelo
Magyar Zoltan,,Budapest,,,vízszerelő,joszaki.hu,,profil: https://joszaki.hu/szakember/magyar-zoltan#city=budapest&profession=vizszerelo
Anrob Art Kft,,Budapest,,,vízszerelő,joszaki.hu,,profil: https://joszaki.hu/szakember/anrob-art-kft#city=budapest&profession=vizszerelo
Atekarbantartod,,Budapest,,,vízszerelő,joszaki.hu,,profil: https://joszaki.hu/szakember/atekarbantartod#city=budapest&profession=vizszerelo
Cosmos Innovations Kft,,Budapest,,,vízszerelő,joszaki.hu,,profil: https://joszaki.hu/szakember/cosmos-innovations-kft#city=budapest&profession=vizszerelo
Timari Balazs,,Budapest,,,vízszerelő,joszaki.hu,,profil: https://joszaki.hu/szakember/timari-balazs#city=budapest&profession=vizszerelo
Kormendi Peter,,Budapest,,,vízszerelő,joszaki.hu,,profil: https://joszaki.hu/szakember/kormendi-peter#city=budapest&profession=vizszerelo
Csoszer Mester Szekszardi Attila,,Budapest,,,vízszerelő,joszaki.hu,,profil: https://joszaki.hu/szakember/csoszer-mester-szekszardi-attila#city=budapest&profession=vizszerelo
Biro Erno,,Budapest,,,vízszerelő,joszaki.hu,,profil: https://joszaki.hu/szakember/biro-erno#city=budapest&profession=vizszerelo
Madeline Group Kft,,Budapest,,,vízszerelő,joszaki.hu,,profil: https://joszaki.hu/szakember/madeline-group-kft#city=budapest&profession=vizszerelo
Nyisztor Laszlo,,Budapest,,,vízszerelő,joszaki.hu,,profil: https://joszaki.hu/szakember/nyisztor-laszlo#city=budapest&profession=vizszerelo
Epitomesterek General Kft,,Budapest,,,vízszerelő,joszaki.hu,,profil: https://joszaki.hu/szakember/epitomesterek-general-kft#city=budapest&profession=vizszerelo
Berki Mario 1,,Budapest,,,vízszerelő,joszaki.hu,,profil: https://joszaki.hu/szakember/berki-mario-1#city=budapest&profession=vizszerelo
Keskeny Ferenc,,Budapest,,,vízszerelő,joszaki.hu,,profil: https://joszaki.hu/szakember/keskeny-ferenc#city=budapest&profession=vizszerelo
Gyurkovics Zsolt,,Budapest,,,vízszerelő,joszaki.hu,,profil: https://joszaki.hu/szakember/gyurkovics-zsolt#city=budapest&profession=vizszerelo
Toth Jozsef 7,,Budapest,,,vízszerelő,joszaki.hu,,profil: https://joszaki.hu/szakember/toth-jozsef-7#city=budapest&profession=vizszerelo
Pinter Mario 1,,Budapest,,,vízszerelő,joszaki.hu,,profil: https://joszaki.hu/szakember/pinter-mario-1#city=budapest&profession=vizszerelo
Palagyi Gabor,,Budapest,,,vízszerelő,joszaki.hu,,profil: https://joszaki.hu/szakember/palagyi-gabor#city=budapest&profession=vizszerelo
Orodan Mate Jozsef,,Budapest,,,vízszerelő,joszaki.hu,,profil: https://joszaki.hu/szakember/orodan-mate-jozsef#city=budapest&profession=vizszerelo
Gyongyosi Kristof,,Budapest,,,vízszerelő,joszaki.hu,,profil: https://joszaki.hu/szakember/gyongyosi-kristof#city=budapest&profession=vizszerelo
Racz Gyorgy,,Budapest,,,vízszerelő,joszaki.hu,,profil: https://joszaki.hu/szakember/racz-gyorgy#city=budapest&profession=vizszerelo
Fodor Jozsef 2,,Budapest,,,vízszerelő,joszaki.hu,,profil: https://joszaki.hu/szakember/fodor-jozsef-2#city=budapest&profession=vizszerelo
Vidak Nikolasz,,Budapest,,,vízszerelő,joszaki.hu,,profil: https://joszaki.hu/szakember/vidak-nikolasz#city=budapest&profession=vizszerelo
Tari Daniel,,Budapest,,,vízszerelő,joszaki.hu,,profil: https://joszaki.hu/szakember/tari-daniel#city=budapest&profession=vizszerelo
Venyigei Janos 1,,Budapest,,,vízszerelő,joszaki.hu,,profil: https://joszaki.hu/szakember/venyigei-janos-1#city=budapest&profession=vizszerelo
Fabian Attila Zoltan,,Budapest,,,vízszerelő,joszaki.hu,,profil: https://joszaki.hu/szakember/fabian-attila-zoltan#city=budapest&profession=vizszerelo
Szarvas Laszlo,,Budapest,,,vízszerelő,joszaki.hu,,profil: https://joszaki.hu/szakember/szarvas-laszlo#city=budapest&profession=vizszerelo
Nagy Istvan E V,,Budapest,,,vízszerelő,joszaki.hu,,profil: https://joszaki.hu/szakember/nagy-istvan-e-v#city=budapest&profession=vizszerelo
Nagy Antal 1,,Budapest,,,vízszerelő,joszaki.hu,,profil: https://joszaki.hu/szakember/nagy-antal-1#city=budapest&profession=vizszerelo
Pasztor Zoltan E V,,Budapest,,,vízszerelő,joszaki.hu,,profil: https://joszaki.hu/szakember/pasztor-zoltan-e-v#city=budapest&profession=vizszerelo
Rakosi Robert,,Budapest,,,vízszerelő,joszaki.hu,,profil: https://joszaki.hu/szakember/rakosi-robert#city=budapest&profession=vizszerelo
Palinkas Andras,,Budapest,,,vízszerelő,joszaki.hu,,profil: https://joszaki.hu/szakember/palinkas-andras#city=budapest&profession=vizszerelo
Atadan Group Kft,,Budapest,,,vízszerelő,joszaki.hu,,profil: https://joszaki.hu/szakember/atadan-group-kft#city=budapest&profession=vizszerelo
Niu Jing Min Kft,,Budapest,,,vízszerelő,joszaki.hu,,profil: https://joszaki.hu/szakember/niu-jing-min-kft#city=budapest&profession=vizszerelo
Pappne Margo,,Budapest,,,vízszerelő,joszaki.hu,,profil: https://joszaki.hu/szakember/pappne-margo#city=budapest&profession=vizszerelo
Barna Mate 1,,Budapest,,,vízszerelő,joszaki.hu,,profil: https://joszaki.hu/szakember/barna-mate-1#city=budapest&profession=vizszerelo
Joni Istvan Zoltan,,Budapest,,,vízszerelő,joszaki.hu,,profil: https://joszaki.hu/szakember/joni-istvan-zoltan#city=budapest&profession=vizszerelo
Megyik Attila,,Budapest,,,vízszerelő,joszaki.hu,,profil: https://joszaki.hu/szakember/megyik-attila#city=budapest&profession=vizszerelo
Borcsok Sandor,,Budapest,,,vízszerelő,joszaki.hu,,profil: https://joszaki.hu/szakember/borcsok-sandor#city=budapest&profession=vizszerelo
Forgacs Laszlo 2,,Budapest,,,vízszerelő,joszaki.hu,,profil: https://joszaki.hu/szakember/forgacs-laszlo-2#city=budapest&profession=vizszerelo
Kaldenekker Felicia,,Budapest,,,vízszerelő,joszaki.hu,,profil: https://joszaki.hu/szakember/kaldenekker-felicia#city=budapest&profession=vizszerelo
Gulacsi Gyorgy,,Budapest,,,vízszerelő,joszaki.hu,,profil: https://joszaki.hu/szakember/gulacsi-gyorgy#city=budapest&profession=vizszerelo
Lajos Sandor,,Budapest,,,vízszerelő,joszaki.hu,,profil: https://joszaki.hu/szakember/lajos-sandor#city=budapest&profession=vizszerelo
Antal Erno,,Budapest,,,vízszerelő,joszaki.hu,,profil: https://joszaki.hu/szakember/antal-erno#city=budapest&profession=vizszerelo
Bodor Adam,,Budapest,,,vízszerelő,joszaki.hu,,profil: https://joszaki.hu/szakember/bodor-adam#city=budapest&profession=vizszerelo
Marosi Zoltan,,Budapest,,,vízszerelő,joszaki.hu,,profil: https://joszaki.hu/szakember/marosi-zoltan#city=budapest&profession=vizszerelo
Jonas Gyula 1,,Budapest,,,vízszerelő,joszaki.hu,,profil: https://joszaki.hu/szakember/jonas-gyula-1#city=budapest&profession=vizszerelo
Elischer Imre,,Budapest,,,vízszerelő,joszaki.hu,,profil: https://joszaki.hu/szakember/elischer-imre#city=budapest&profession=vizszerelo
Home Refresh Kft,,Budapest,,,vízszerelő,joszaki.hu,,profil: https://joszaki.hu/szakember/home-refresh-kft#city=budapest&profession=vizszerelo
Loki Levente,,Budapest,,,vízszerelő,joszaki.hu,,profil: https://joszaki.hu/szakember/loki-levente#city=budapest&profession=vizszerelo
Balassa Zoltan,,Budapest,,,vízszerelő,joszaki.hu,,profil: https://joszaki.hu/szakember/balassa-zoltan#city=budapest&profession=vizszerelo
